sheet,col,n,mean,median,min,max,std
хлорофиллметр,2,30,3.0,3.0,1.0,5.0,1.4142135623730951
хлорофиллметр,3,30,36.79666666666667,35.7,15.7,66.0,10.997408280539961
хлорофиллметр,4,30,40.00666666666667,38.5,16.7,79.9,12.182362478417541
хлорофиллметр,5,30,36.96666666666667,36.85,15.2,64.5,11.950295207883174
хлорофиллметр,6,30,39.083333333333336,39.150000000000006,17.9,71.9,11.997752104271681
хлорофиллметр,11,25,20.968,18.7,6.3,47.3,10.560178786365313
хлорофиллметр,12,25,23.216,22.2,10.2,57.1,11.34987858965901
хлорофиллметр,13,25,21.512,19.8,8.1,44.8,9.776147298399303
хлорофиллметр,14,25,22.644000000000002,19.0,9.9,48.7,11.05564398847937
хлорофиллметр,15,25,22.8,24.0,9.7,40.7,9.309693872518043
хлорофиллметр,16,18,24.194444444444443,26.55,8.6,46.3,9.464464076053835
хлорофиллметр,17,11,26.8,28.7,12.2,37.6,8.436285266093668
хлорофиллметр,7,25,40.856,41.6,25.9,63.9,7.458529613804587
хлорофиллметр,8,25,44.188,43.1,24.9,73.4,10.54139725083919
пит р-р+ээ,3,13,3.1553846153846155,3.0,1.0,6.0,1.8323277141578702
пит р-р+ээ,4,106,4.637075471698113,2.975,1.0,15.0,3.063434983799134
пит р-р+ээ,6,102,8.241666666666667,3.0,1.6,390.0,38.082636388268156
пит р-р+ээ,7,102,4.676666666666667,3.13,0.5,24.1,3.2887247463897524
пит р-р+ээ,8,85,4.3328235294117645,2.7,1.0,10.1,2.661971234106611
пит р-р+ээ,5,104,4.702788461538462,2.9299999999999997,0.5,26.0,3.5350439168011785
пит р-р+ээ,9,83,4.275542168674699,2.9,1.5,10.0,2.6286765431874137
пит р-р+ээ,10,96,4.488411458333333,3.3508333333333336,1.4666666666666668,9.25,2.5830461508107523
пит р-р+ээ,11,96,0.35888525137220667,0.30530236588546394,0.007149203529842358,1.4325821675096568,0.3348248884406105
пит р-р+ээ,12,96,8.025743379267313,5.030286016298348,0.31727234599892123,29.764507822672392,7.9170654289117675
пит р-р+ээ,13,96,19.174856531604384,11.191424046904286,0.7001166861143571,72.90785661062569,19.081663372664842
пит р-р+ээ,2,59,13.864406779661017,4.0,2.0,608.0,78.02117435912449
пит р-р+ээ,16,5,21.526,21.8,2.13,41.0,12.30466188076698
фенология,2,5,3.0,3.0,1.0,5.0,1.4142135623730951
фенология,4,5,150.32,150.8,79.0,245.5,60.27614453496508
фенология,7,5,246.76,221.0,97.0,478.0,140.83284560073335
фенология,8,5,235.9,235.7,235.0,237.2,0.7823042886243141
фенология,9,5,1.0972,1.02,0.514,2.053,0.5724765148021358
фенология,10,5,92.6,96.0,77.0,100.0,8.2365041127896
биометрия,22,56,19.930357142857144,21.5,1.0,43.0,8.99686293824641
биометрия,23,56,21.46785714285714,21.0,1.0,50.0,10.214906949140156
биометрия,24,56,20.553571428571427,21.0,1.0,44.0,9.132965491748525
биометрия,31,46,15.673913043478262,15.0,0.0,41.0,8.164222979684213
биометрия,32,52,16.384615384615383,17.0,3.0,46.0,6.833609942927018
биометрия,33,53,17.169811320754718,16.0,0.0,63.0,9.044410030211413
биометрия,34,43,14.69767441860465,14.0,0.0,27.0,6.571732572942681
биометрия,35,28,13.928571428571429,14.5,0.0,27.0,6.3071873481685925
биометрия,40,46,60.66195652173913,43.209999999999994,0.0,170.15,43.345322881912416
биометрия,41,52,61.323653846153846,49.615,3.0,154.76,37.53908030454325
биометрия,42,54,67.21592592592593,64.83500000000001,0.0,177.71,41.3887400825894
биометрия,43,43,66.07441860465116,54.25,0.0,199.43,50.184045194701476
биометрия,44,28,53.753571428571426,56.045,0.0,123.03,33.05387444485633
биометрия,49,45,22.148666666666667,16.6,0.3,99.35,21.50385615031251
биометрия,50,51,20.977254901960784,15.1,1.05,81.34,18.94564372075672
биометрия,51,54,20.41722222222222,12.535,0.3,92.77,21.985457939339565
биометрия,52,43,25.43813953488372,19.77,0.7,105.45,23.236379181552838
биометрия,53,28,23.478214285714287,11.39,1.24,101.95,27.67271890890421
биометрия,58,42,5.943333333333333,4.42,0.0,25.6,4.9366726150248725
биометрия,59,50,5.28,4.555,0.94,13.8,3.4473265003477693
биометрия,60,51,6.041176470588235,5.71,0.0,19.7,3.984360921057515
биометрия,61,41,8.061463414634146,5.71,0.0,88.75,13.255654948071033
биометрия,62,26,5.7215384615384615,6.15,0.0,11.2,2.7838748484078146
биометрия,67,45,7.025111111111111,2.4,0.0,30.61,8.62724228430492
биометрия,68,51,7.088627450980392,3.14,0.1,31.7,7.597343968191196
биометрия,69,53,7.330188679245283,3.8,0.0,24.67,7.36075275338573
биометрия,70,42,9.200238095238095,4.42,0.0,30.78,9.330520193760249
биометрия,71,28,7.726785714285715,3.395,0.0,28.98,8.416267009942892
биометрия,2,55,11.00909090909091,5.0,1.0,26.0,9.196091516158031
биометрия,3,55,17.916363636363638,17.5,9.5,31.0,4.999227708951695
биометрия,4,55,18.672727272727272,17.5,6.0,31.0,5.041444762095108
биометрия,5,55,18.552727272727275,18.0,8.7,28.0,5.353906120189413
биометрия,6,55,18.71090909090909,18.0,9.0,30.5,5.175068650480888
биометрия,9,31,16.165860215053762,14.749999999999998,8.666666666666666,25.333333333333332,4.071185218191208
биометрия,11,55,6.067272727272727,5.0,1.0,15.0,3.963105051962736
биометрия,12,55,19.674545454545456,18.0,6.0,36.0,9.106445632963265
биометрия,13,55,19.616363636363637,20.0,2.0,39.0,9.393048950955238
биометрия,14,55,20.023636363636363,20.0,3.0,40.0,9.163583333179888
биометрия,15,55,19.685454545454544,17.0,4.0,36.1,9.840129677301803
биометрия,18,31,26.028225806451612,26.5,10.0,37.833333333333336,5.743116371058522
биометрия,20,55,8.683636363636364,5.0,1.0,30.0,7.873632952314236
биометрия,21,55,20.405454545454546,21.0,1.0,41.0,10.473471564460862
биометрия,29,55,6.909090909090909,5.0,1.0,23.0,5.7817038296296115
биометрия,30,52,16.173076923076923,16.0,0.0,40.0,7.544027576235782
биометрия,38,55,14.94890909090909,5.0,1.0,87.3,18.30179024255946
биометрия,39,53,62.425849056603774,50.0,0.0,174.35,41.653780114942855
биометрия,45,6,81.16888888888889,98.93166666666667,14.0,125.80333333333333,39.999733317012236
биометрия,47,52,8.753076923076923,4.05,0.6,78.1,12.514249960385397
биометрия,48,50,22.939,18.205,0.0,81.8,21.418769362407357
биометрия,56,53,3.7856603773584907,3.0,0.95,14.4,2.559388568959511
биометрия,57,51,6.794313725490196,6.42,0.6,28.8,4.967175887134779
биометрия,65,55,2.410909090909091,2.0,0.3,5.9,1.5381905222190873
биометрия,66,52,8.01423076923077,4.68,0.0,31.03,8.13847352587455
биометрия,7,43,18.951162790697673,20.0,4.0,31.0,5.660362881498268
биометрия,8,38,18.32894736842105,18.0,6.0,28.0,4.903377348143068
биометрия,16,43,20.348837209302324,21.0,5.5,40.0,8.751435021011558
биометрия,17,38,20.710526315789473,23.0,6.0,38.0,9.126761963233072
биометрия,25,42,19.4,18.75,2.0,43.0,8.675801047138172
биометрия,26,38,19.8,19.0,1.0,45.0,8.609419565984567
биохимия,6,31,20.87467741935484,0.109,0.018,644.0,113.7666068011929
биохимия,7,31,21.633225806451613,0.299,0.056,662.0,116.91450503285742
биохимия,18,31,14.668032258064516,0.388,0.048,440.0,77.65519118907545
биохимия,19,31,20.859516129032258,0.068,0.014,644.0,113.76937701328805
биохимия,20,31,21.589870967741934,0.185,0.037,662.0,116.92244247025101
биохимия,2,30,3.0,3.0,1.0,5.0,1.4142135623730951
биохимия,3,30,15.5,15.5,1.0,30.0,8.65544144839919
биохимия,4,30,0.1,0.1,0.1,0.1,0.0
биохимия,5,30,0.6078,0.625,0.114,1.117,0.25996466426548565
биохимия,8,30,2.7105849999999996,2.7883949999999995,0.52986,4.990469999999999,1.1592157179597764
биохимия,9,30,0.8874983333333333,0.9320749999999999,0.0980399999999999,1.6288399999999994,0.38772350399980765
биохимия,10,30,2.5958436000000003,2.6589032,0.48830160000000006,4.7790686,1.1109200246674333
биохимия,11,30,67.764625,69.70987499999998,13.246500000000001,124.76174999999999,28.980392948994407
биохимия,12,30,22.187458333333332,23.301874999999995,2.450999999999998,40.72099999999999,9.69308759999519
биохимия,13,30,89.95208333333332,94.30224999999999,16.38,162.37924999999998,38.36183957090547
биохимия,14,30,64.89609,66.47258,12.207540000000003,119.47671500000001,27.773000616685835
биохимия,16,30,15.5,15.5,1.0,30.0,8.65544144839919
биохимия,17,30,0.1,0.1,0.1,0.1,0.0
биохимия,21,30,2.2879509999999996,1.7321999999999997,0.348,5.01783,1.3488419015396134
биохимия,22,30,0.7600816666666665,0.60164,0.12797,1.5596899999999994,0.40219615192161584
биохимия,23,30,2.0834664800000002,1.6450288,0.07534500000000002,4.6480916,1.2762199408067483
биохимия,24,30,57.198775,43.30499999999999,8.699999999999998,125.44574999999999,33.72104753849033
биохимия,25,30,19.002041666666663,15.041,3.19925,38.992249999999984,10.054903798040396
биохимия,26,30,76.20081666666667,58.346,11.899249999999999,164.16875,43.724801964147176
биохимия,27,30,52.086662,41.12572,1.8836250000000005,116.20228999999999,31.905498520168706
биохимия,29,30,15.5,15.5,1.0,30.0,8.65544144839919
биохимия,30,30,2.0,2.0,2.0,2.0,0.0
биохимия,31,30,20.0,20.0,20.0,20.0,0.0
биохимия,32,30,0.3433333333333333,0.39,0.0,0.72,0.17282618114420306
биохимия,33,30,3.1666666666666665,3.25,0.0,11.499999999999998,2.436983563524565
биохимия,35,30,15.5,15.5,1.0,30.0,8.65544144839919
биохимия,36,30,3.8166666666666664,4.0,1.2,5.8,1.0859967260028407
биохимия,38,30,15.5,15.5,1.0,30.0,8.65544144839919
биохимия,39,30,3.83,3.8,2.1,5.9,0.8885006096415091
биохимия,41,30,15.5,15.5,1.0,30.0,8.65544144839919
биохимия,42,30,3.1380666666666666,2.17,0.698,9.89,2.400418059885032
биохимия,44,30,15.5,15.5,1.0,30.0,8.65544144839919
биохимия,45,30,5.123666666666667,4.095,1.57,15.6,3.3401302203490344
асс пл,4,31,0.031961967741935486,0.0329,0.00012099999999999999,0.0633,0.00969837997939686
асс пл,14,26,0.06128461538461538,0.0204,0.0131,1.0,0.18793751967548988
асс пл,15,26,0.0999,0.01965,0.0137,2.0,0.3801858270332063
асс пл,16,25,0.14236,0.0209,0.0133,3.0,0.5833830021521025
асс пл,17,25,0.19232,0.021,0.014,4.0,0.7785821595695601
асс пл,18,25,0.236272,0.0226,0.0134,5.0,0.9734673153301039
асс пл,2,30,3.0,3.0,1.0,5.0,1.4142135623730951
асс пл,3,30,0.03224,0.03175,0.0211,0.0452,0.00739957656446187
асс пл,5,30,0.032236666666666663,0.0313,0.0218,0.0472,0.006106361891957891
асс пл,8,30,0.032057999999999996,0.03186333333333333,0.02214,0.04412,0.00567190167338897
асс пл,9,30,0.002022385453225625,0.0018731618848370686,0.00043333333333333304,0.005372280707483558,0.0010748595278022711
асс пл,10,30,6.278373613708133,6.304537811018246,1.390144094149068,14.132182416626122,2.9240987747548464
асс пл,11,30,13.56677437742339,13.712819936081797,2.585150459058024,27.22752687249297,6.182080352559194
асс пл,6,25,0.031336,0.0311,0.0183,0.0434,0.006574306351243453
асс пл,7,25,0.030892,0.03,0.018,0.0469,0.008303103997903434
сух в-во,15,26,16.530515384615384,15.44385,4.0,26.3833,3.799047025615797
сух в-во,2,30,3.0,3.0,1.0,5.0,1.4142135623730951
сух в-во,4,45,17.21884,16.1194,12.5662,27.8204,3.398183769760939
сух в-во,5,45,21.633155555555554,21.0619,16.595,33.1055,3.804582544047262
сух в-во,6,45,17.489326666666667,16.5079,12.7765,28.2069,3.412247077897822
сух в-во,7,45,6.239610297803867,5.895054323611084,3.5574431607863155,9.683262740083608,1.7914844448334588
сух в-во,8,45,93.76038970219614,94.10494567638892,90.3167372599164,96.44255683921368,1.7914844448334575
сух в-во,12,25,63.44,17.0,2.0,580.0,127.90686611749973
сух в-во,13,25,16.799088,15.3266,12.5694,26.263,2.9190592513780875
сух в-во,14,25,22.0826,20.9673,16.519,29.7295,3.7081321314106384
сух в-во,16,25,4.377361072115581,4.288636523947273,2.5713384281006646,6.881482275330732,0.9208157480058916
сух в-во,17,25,95.62263892788442,95.71136347605272,93.11851772466927,97.42866157189934,0.9208157480058903
сух в-во,3,19,126.57894736842105,27.0,4.0,580.0,182.06052081930676
водный деф,2,30,3.0,3.0,1.0,5.0,1.4142135623730951
водный деф,3,30,5.887396666666667,4.105,2.29,20.61,3.717054774996223
водный деф,4,30,100.06666666666666,23.0,3.0,643.0,172.023435095984
водный деф,5,30,17.781026666666666,16.650799999999997,14.3959,27.9091,3.694250187695588
водный деф,6,30,24.680673333333335,23.8838,17.5373,42.7927,6.565525842252766
водный деф,7,30,18.09522,17.047649999999997,14.5725,28.5925,3.73020712735008
водный деф,8,30,6.8996466666666665,4.654750000000002,2.403599999999999,25.604600000000005,4.940599238940782
водный деф,9,30,0.3141933333333335,0.23280000000000012,0.0948999999999991,1.2957,0.23990461289622764
водный деф,10,30,4.648800279118233,4.614683393573902,2.7503213977112555,7.602610666593834,1.1850883192134618
водный деф,11,30,6.585453333333334,4.4921500000000005,2.279099999999998,24.308900000000005,4.7121053987033115
водный деф,12,30,5.573203333333333,3.9212000000000007,2.165499999999999,19.3143,3.4894672373189324
водный деф,13,30,8.899134982984659,10.041430221096796,-50.96711422455727,37.41582236243403,18.658213181540138
водный деф,14,30,91.10086501701534,89.95856977890321,62.58417763756597,150.96711422455726,18.658213181540138
водный деф,17,25,6.938,6.51,2.82,13.5,2.212705131733553
водный деф,18,25,108.8,55.0,1.0,444.0,113.95402581743218
водный деф,19,25,18.152644,17.2692,14.441,27.9799,3.620773730470326
водный деф,20,25,25.844204,25.9947,18.8119,36.448,4.200731199634654
водный деф,21,25,18.463716,17.6387,14.7142,28.4573,3.6391003349377438
водный деф,22,25,7.69156,7.264799999999999,3.0717,13.893699999999999,2.273627947752226
водный деф,23,25,0.3110719999999999,0.29660000000000153,0.08190000000000097,0.660899999999998,0.1364858103100827
водный деф,24,25,3.932515645833875,3.9615482719040926,2.060492049028542,5.70436343092618,0.9355878471346593
водный деф,25,25,7.380488000000001,6.973500000000001,2.989799999999999,13.232800000000001,2.153346843463914
водный деф,26,25,6.626928,6.256400000000003,2.738099999999999,12.839100000000002,2.093368674747953
водный деф,27,25,10.617444978640755,10.670119349965976,2.975182878906951,18.87564737985188,4.457651514866282
водный деф,28,25,89.38255502135924,89.32988065003403,81.12435262014812,97.02481712109305,4.457651514866284
водоудерж способ,4,11,3.491309090909091,2.9741,1.833,6.5488,1.3777513052101473
водоудерж способ,5,11,3.6625454545454543,3.1564,2.8251,5.643,0.9153595293292599
водоудерж способ,2,30,3.0,3.0,1.0,5.0,1.4142135623730951
водоудерж способ,3,10,3.04813,2.3920000000000003,2.034,5.5467,1.101014100772556
водоудерж способ,6,30,8.222456666666666,7.8187,2.95,18.68,4.16405667057845
водоудерж способ,7,30,5.124696666666667,4.4154,0.9363000000000028,13.5701,3.250349499513689
водоудерж способ,8,30,86.16666666666667,19.5,2.0,580.0,151.93684726081278
водоудерж способ,9,30,16.879476666666665,15.666450000000001,12.5666,27.7811,3.376146628498564
водоудерж способ,10,30,22.004173333333334,20.21465,14.6662,34.9631,5.009607295715791
водоудерж способ,11,30,17.310663333333334,16.19055,12.7081,27.9783,3.4158722266778203
водоудерж способ,12,30,9.335539042617725,8.96607192251467,5.565316600114092,16.768129872903938,2.960308394882742
водоудерж способ,13,30,94.75895531628255,94.98791935514392,92.3265306122449,96.51601423487544,1.0165992451685455
водоудерж способ,14,30,54.72098188653761,57.93812785309525,22.872222222222206,78.21698121216752,14.247921830969567
водоудерж способ,15,30,40.037973429744945,36.00944144079949,16.876788155090892,73.05694444444448,14.329604982605483
водоудерж способ,18,25,6.83,6.45,2.62,11.85,2.2931794522016804
водоудерж способ,19,25,4.7286,4.6602,1.305299999999999,8.3946,1.958436645898968
водоудерж способ,20,25,60.32,21.0,2.0,580.0,122.3378011899838
водоудерж способ,21,25,16.332196,15.3322,12.5675,27.6934,3.043484388720271
водоудерж способ,22,25,21.060796,20.9791,15.8054,32.5895,3.2882431767106275
водоудерж способ,23,25,16.640904,15.642,12.7876,28.0253,3.0266010196892488
водоудерж способ,24,25,6.676402134442042,6.690100191145717,4.3189561715966915,9.036841235750833,1.2235555330686958
водоудерж способ,25,25,95.60222152681139,95.73766233766236,94.43272171253821,97.16961130742055,0.7004036459352111
водоудерж способ,26,25,62.81719029187033,64.40661157024793,42.903896103896145,77.54371002132193,11.332831831282439
водоудерж способ,27,25,32.78503123494106,31.391735537190073,16.89658848614077,53.87632508833925,11.62351078654431
хранение,2,30,3.0,3.0,1.0,5.0,1.4142135623730951
хранение,3,30,18.551666666666666,18.134999999999998,10.28,32.6,5.863428509744865
хранение,4,30,19.112333333333332,20.035,10.61,33.77,6.059651630984152
хранение,5,30,18.832,18.89,10.614999999999998,31.475,5.668173221300375
хранение,6,30,16.651,16.475,8.29,31.38,5.734670202664956
хранение,7,30,18.008,18.805,8.35,32.93,6.120159801835243
хранение,8,30,17.3295,17.052500000000002,8.32,30.545,5.620309058821113
хранение,9,30,8.426034824778128,4.539752768290143,2.6492287055667276,30.078740157480325,6.889273226200496
органолептика,2,30,3.0,3.0,1.0,5.0,1.4142135623730951
