date,cultivar,variant,metric,n,mean,min,max,cv_pct
2026-04-06,Триплекс,,"Ес, мСм/см",4,2.135,2.09,2.17,1.3453308305709692
2026-04-06,Триплекс,,"Высота, см",4,8.525,7.8,9.5,7.928742424982859
2026-04-06,Триплекс,3,"Ес, мСм/см",4,2.1425,2.13,2.16,0.6063188357884092
2026-04-06,Триплекс,3,"Высота, см",4,9.15,8.5,10.2,6.933648929207384
2026-04-06,Триплекс,4,"Ес, мСм/см",4,2.15,2.08,2.19,1.9457209919397085
2026-04-06,Триплекс,4,"Высота, см",4,9.225,8.5,11.0,11.144111216776203
2026-04-06,Триплекс,5,"Ес, мСм/см",4,2.17,2.12,2.2,1.420371890085017
2026-04-06,Триплекс,5,"Высота, см",4,8.15,7.5,9.0,7.687094531375258
2026-04-06,Рафаэль,2,"Ес, мСм/см",6,2.17,2.14,2.2,0.9955054836264003
2026-04-06,Рафаэль,2,"Высота, см",6,9.1,8.4,9.8,5.0756067621066
2026-04-06,Рафаэль,3,"Ес, мСм/см",6,2.203333333333333,2.14,2.25,1.7315466175884402
2026-04-06,Рафаэль,3,"Высота, см",6,8.65,7.6,10.0,8.873663922673954
2026-04-06,Рафаэль,4,"Ес, мСм/см",6,2.1550000000000002,2.1,2.2,1.601880524146018
2026-04-06,Рафаэль,4,"Высота, см",6,9.066666666666666,7.6,10.0,8.391700154789213
2026-04-06,Рафаэль,5,"Ес, мСм/см",6,2.203333333333333,2.15,2.25,1.7116049166391485
2026-04-06,Рафаэль,5,"Высота, см",6,7.966666666666667,7.0,9.1,8.716596927196509
2026-04-06,Джипси,2,"Ес, мСм/см",6,2.2033333333333336,2.14,2.26,1.6081914996572804
2026-04-06,Джипси,2,"Высота, см",6,9.216666666666667,8.5,10.5,7.235533100811052
2026-04-06,Джипси,3,"Ес, мСм/см",6,2.2533333333333334,2.23,2.28,0.709442533034421
2026-04-06,Джипси,3,"Высота, см",6,7.766666666666667,6.8,8.9,9.936340689090322
2026-04-06,Джипси,4,"Ес, мСм/см",6,2.1950000000000003,2.14,2.26,1.6583393825240305
2026-04-06,Джипси,4,"Высота, см",6,9.133333333333333,8.4,10.0,6.857041689071511
2026-04-06,Джипси,5,"Ес, мСм/см",6,2.3566666666666665,2.11,2.55,6.5630029748911936
2026-04-06,Джипси,5,"Высота, см",6,7.733333333333333,5.6,9.5,16.299715863094
2026-04-06,Цезарь,2,"Ес, мСм/см",6,2.26,2.2,2.34,2.0276883605999245
2026-04-06,Цезарь,2,"Высота, см",6,8.966666666666667,8.2,9.5,5.450884125879252
2026-04-06,Цезарь,3,"Ес, мСм/см",6,2.3916666666666666,2.16,2.6,6.217730739705742
2026-04-06,Цезарь,3,"Высота, см",6,8.25,6.2,10.1,16.031038153123816
2026-04-06,Цезарь,4,"Ес, мСм/см",6,2.2816666666666667,2.2,2.36,2.1828418988289124
2026-04-06,Цезарь,4,"Высота, см",6,8.166666666666666,6.0,10.5,16.254945103461125
2026-04-06,Цезарь,5,"Ес, мСм/см",6,2.4066666666666667,2.28,2.51,3.5716889080962972
2026-04-06,Цезарь,5,"Высота, см",6,6.766666666666667,5.2,7.9,13.427599182698533
2026-04-06,Каскад,2,"Ес, мСм/см",6,2.1816666666666666,2.12,2.26,2.0569766261017928
2026-04-06,Каскад,2,"Высота, см",6,9.25,8.0,10.5,10.27027027027027
2026-04-06,Каскад,3,"Ес, мСм/см",6,2.29,2.19,2.6,6.25740473368404
2026-04-06,Каскад,3,"Высота, см",6,8.216666666666667,6.2,9.3,13.153341044116413
2026-04-06,Каскад,4,"Ес, мСм/см",6,2.1983333333333333,2.14,2.27,2.024416970859543
2026-04-06,Каскад,4,"Высота, см",6,8.116666666666667,6.9,9.7,12.225852687149233
2026-04-06,Каскад,5,"Ес, мСм/см",6,2.2416666666666667,2.14,2.46,4.653229807678466
2026-04-06,Каскад,5,"Высота, см",6,7.9,6.0,9.5,14.506424841916527
2026-04-06,Риф,2,"Ес, мСм/см",6,2.1950000000000003,2.14,2.27,1.7984387672478372
2026-04-06,Риф,2,"Высота, см",6,8.883333333333333,8.5,9.6,4.232838338716126
2026-04-06,Риф,3,"Ес, мСм/см",6,2.2783333333333333,2.23,2.33,1.6888656006752323
2026-04-06,Риф,3,"Высота, см",6,7.833333333333333,7.1,9.2,8.679182150796228
2026-04-06,Риф,4,"Ес, мСм/см",6,2.1533333333333333,2.09,2.28,2.8077952240274056
2026-04-06,Риф,4,"Высота, см",6,8.383333333333333,7.8,9.4,6.402084369027683
2026-04-06,Риф,5,"Ес, мСм/см",6,2.3016666666666667,2.23,2.36,2.20706019610835
2026-04-06,Риф,5,"Высота, см",6,7.933333333333334,6.5,9.4,12.847802396151812
2026-04-17,Триплекс,2,"Ес, мСм/см",4,2.1775,2.07,2.27,3.3649485395528935
2026-04-17,Триплекс,2,"Высота, см",4,6.35,3.6,7.8,25.7445397232627
2026-04-17,Триплекс,3,"Ес, мСм/см",4,2.21,2.18,2.25,1.1536243243422561
2026-04-17,Триплекс,3,"Высота, см",4,7.175,5.7,9.0,16.47239951717465
2026-04-17,Триплекс,4,"Ес, мСм/см",4,2.1875,2.01,2.35,5.8931991242759985
2026-04-17,Триплекс,4,"Высота, см",4,5.825,3.5,9.5,42.59751244882187
2026-04-17,Триплекс,5,"Ес, мСм/см",4,2.09,1.87,2.37,9.640881186416214
2026-04-17,Триплекс,5,"Высота, см",4,4.925,3.0,6.8,35.2088185459083
2026-04-17,Рафаэль,2,"Ес, мСм/см",6,2.138333333333333,2.01,2.28,4.488963554164282
2026-04-17,Рафаэль,2,"Высота, см",6,7.6,6.5,8.9,9.84646680729985
2026-04-17,Рафаэль,3,"Ес, мСм/см",6,2.395,2.26,2.54,3.5978471690217324
2026-04-17,Рафаэль,3,"Высота, см",6,5.45,4.0,8.1,26.521008924493966
2026-04-17,Рафаэль,4,"Ес, мСм/см",6,2.223333333333333,1.98,2.67,9.88027609630909
2026-04-17,Рафаэль,4,"Высота, см",6,6.116666666666666,2.8,9.2,31.805497356754092
2026-04-17,Рафаэль,5,"Ес, мСм/см",6,3.6183333333333336,2.24,6.69,40.93000722465442
2026-04-17,Рафаэль,5,"Высота, см",6,2.1833333333333336,0.5,3.6,56.43178497183578
2026-04-18,Джипси,2,"Ес, мСм/см",6,2.34,2.15,2.43,4.172597867771175
2026-04-18,Джипси,2,"Высота, см",6,6.016666666666667,3.5,8.1,26.548034809658073
2026-04-18,Джипси,3,"Ес, мСм/см",6,3.2283333333333335,2.23,4.21,21.842042881534542
2026-04-18,Джипси,3,"Высота, см",6,3.716666666666667,1.8,9.0,65.50923378911612
2026-04-18,Джипси,4,"Ес, мСм/см",6,2.585,2.17,3.35,16.70885842269538
2026-04-18,Джипси,4,"Высота, см",6,4.233333333333333,1.7,7.3,40.54162413182992
2026-04-18,Джипси,5,"Ес, мСм/см",6,3.0316666666666667,2.37,3.88,19.51373978647911
2026-04-18,Джипси,5,"Высота, см",6,3.433333333333333,1.7,6.8,49.733003785886204
2026-04-18,Цезарь,2,"Ес, мСм/см",6,2.9583333333333335,2.43,3.64,15.462607917245391
2026-04-18,Цезарь,2,"Высота, см",6,4.583333333333333,2.5,8.2,47.891060950956856
2026-04-18,Цезарь,3,"Ес, мСм/см",6,3.368333333333333,2.27,5.03,30.98713261255806
2026-04-18,Цезарь,3,"Высота, см",6,3.75,1.7,8.4,66.55546280831973
2026-04-18,Цезарь,4,"Ес, мСм/см",6,3.413333333333333,2.15,4.25,20.082551342103006
2026-04-18,Цезарь,4,"Высота, см",6,3.55,2.2,8.7,65.51440912765601
2026-04-18,Цезарь,5,"Ес, мСм/см",6,3.1683333333333334,2.44,4.48,24.20402225181918
2026-04-18,Цезарь,5,"Высота, см",6,2.15,1.7,2.5,13.086777531886925
2026-04-18,Каскад,2,"Ес, мСм/см",6,2.555,2.06,3.32,15.007373440342727
2026-04-18,Каскад,2,"Высота, см",6,5.55,1.8,9.0,43.22759977304889
2026-04-18,Каскад,3,"Ес, мСм/см",6,3.225,2.47,4.37,23.683745829522763
2026-04-18,Каскад,3,"Высота, см",6,3.8666666666666667,2.0,7.0,45.231929732223804
2026-04-18,Каскад,4,"Ес, мСм/см",6,2.703333333333333,2.13,3.55,18.448357040208368
2026-04-18,Каскад,4,"Высота, см",6,3.816666666666667,1.8,8.6,65.75352071017964
2026-04-18,Каскад,5,"Ес, мСм/см",6,4.0216666666666665,2.59,7.05,36.33695391327963
2026-04-18,Каскад,5,"Высота, см",6,1.4666666666666668,1.0,2.1,26.012552596044543
2026-04-18,Риф,2,"Ес, мСм/см",6,2.618333333333333,2.39,2.95,6.819271879183695
2026-04-18,Риф,2,"Высота, см",6,5.533333333333333,3.4,8.0,28.377266779069583
2026-04-18,Риф,3,"Ес, мСм/см",6,3.985,2.96,5.26,18.107645677947126
2026-04-18,Риф,3,"Высота, см",6,2.783333333333333,1.5,6.0,53.1046917552599
2026-04-18,Риф,4,"Ес, мСм/см",6,2.7916666666666665,2.2,3.94,21.522781373846286
2026-04-18,Риф,4,"Высота, см",6,3.3333333333333335,1.5,5.3,37.013511046643494
2026-04-18,Риф,5,"Ес, мСм/см",6,4.445,2.82,7.98,38.571087951959406
2026-04-18,Риф,5,"Высота, см",6,2.1333333333333333,0.5,3.6,43.610267927977695
