relay_id,start,end,duration_min,name,profile_mentions
1,2026-03-31 11:46:03,2026-03-31 12:14:29,28.433333333333334,,
1,2026-04-01 09:46:13,2026-04-01 16:22:19,396.1,,
2,2026-03-31 11:45:53,2026-03-31 11:45:58,0.08333333333333333,2-й УЗ увлаж,
2,2026-03-31 12:26:30,2026-03-31 12:29:38,3.1333333333333333,2-й УЗ увлаж,
2,2026-03-31 13:40:58,2026-03-31 15:58:30,137.53333333333333,2-й УЗ увлаж,
2,2026-03-31 16:01:33,2026-03-31 16:42:55,41.36666666666667,2-й УЗ увлаж,
2,2026-03-31 17:52:44,2026-03-31 18:31:54,39.166666666666664,2-й УЗ увлаж,
2,2026-04-01 09:43:42,2026-04-01 16:22:19,398.6166666666667,2-й УЗ увлаж,
2,2026-04-02 09:25:44,2026-04-02 12:55:14,209.5,2-й УЗ увлаж,
2,2026-04-02 16:16:55,2026-04-03 10:44:27,1107.5333333333333,2-й УЗ увлаж,
2,2026-04-08 16:33:42,2026-04-09 09:38:41,1024.9833333333333,2-й УЗ увлаж,
3,2026-03-31 11:45:49,2026-03-31 11:45:51,0.03333333333333333,1-й УЗ увлаж,
3,2026-04-08 16:31:19,2026-04-08 16:34:16,2.95,1-й УЗ увлаж,
3,2026-04-10 14:26:39,2026-04-11 12:36:17,1329.6333333333334,1-й УЗ увлаж,
4,2026-03-31 11:45:37,2026-03-31 11:45:39,0.03333333333333333,,
5,2026-04-21 10:26:30,2026-04-21 10:26:31,0.016666666666666666,,
6,2026-04-21 10:26:27,2026-04-21 10:26:29,0.03333333333333333,,
8,2026-03-28 17:01:56,2026-03-28 17:02:01,0.08333333333333333,,Приток с улицы (Бокс 2) / main
8,2026-03-28 17:10:45,2026-03-28 17:25:13,14.466666666666667,,Приток с улицы (Бокс 2) / main
8,2026-03-31 11:42:19,2026-03-31 12:14:19,32.0,,Приток с улицы (Бокс 2) / main
8,2026-03-31 13:21:59,2026-03-31 14:32:15,70.26666666666667,,Приток с улицы (Бокс 2) / main
8,2026-03-31 16:02:04,2026-03-31 16:42:55,40.85,,Приток с улицы (Бокс 2) / main
8,2026-03-31 16:43:02,2026-03-31 17:30:57,47.916666666666664,,Приток с улицы (Бокс 2) / main
8,2026-03-31 17:31:04,2026-03-31 17:31:05,0.016666666666666666,,Приток с улицы (Бокс 2) / main
8,2026-03-31 17:31:07,2026-03-31 17:31:15,0.13333333333333333,,Приток с улицы (Бокс 2) / main
8,2026-03-31 17:31:19,2026-03-31 17:31:23,0.06666666666666667,,Приток с улицы (Бокс 2) / main
8,2026-03-31 17:32:05,2026-04-01 16:32:57,1380.8666666666666,,Приток с улицы (Бокс 2) / main
8,2026-04-01 16:35:44,2026-04-02 12:57:47,1222.05,,Приток с улицы (Бокс 2) / main
8,2026-04-02 12:59:16,2026-04-09 10:43:02,9943.766666666666,,Приток с улицы (Бокс 2) / main
8,2026-04-09 11:01:45,2026-04-15 10:25:13,8603.466666666667,,Приток с улицы (Бокс 2) / main
8,2026-04-15 10:25:24,2026-04-15 10:25:25,0.016666666666666666,,Приток с улицы (Бокс 2) / main
8,2026-04-15 10:25:26,2026-04-15 10:25:29,0.05,,Приток с улицы (Бокс 2) / main
8,2026-04-15 10:27:03,2026-04-23 16:30:44,11883.683333333332,,Приток с улицы (Бокс 2) / main
8,2026-04-23 17:28:51,2026-04-27 09:10:23,5261.533333333334,,Приток с улицы (Бокс 2) / main
8,2026-04-27 14:58:04,2026-04-27 17:13:26,135.36666666666667,,Приток с улицы (Бокс 2) / main
8,2026-05-13 14:40:04,2026-05-13 15:29:50,49.766666666666666,,Приток с улицы (Бокс 2) / main
8,2026-05-20 11:07:33,2026-05-20 19:09:19,481.76666666666665,,Приток с улицы (Бокс 2) / main
8,2026-05-22 12:10:31,2026-05-22 18:39:08,388.6166666666667,,Приток с улицы (Бокс 2) / main
9,2026-03-28 17:10:35,2026-03-28 17:25:22,14.783333333333333,,Приток с улицы (Бокс 2) / pre
9,2026-03-31 11:42:09,2026-03-31 12:14:29,32.333333333333336,,Приток с улицы (Бокс 2) / pre
9,2026-03-31 13:21:49,2026-03-31 13:40:44,18.916666666666668,,Приток с улицы (Бокс 2) / pre
9,2026-03-31 13:44:21,2026-03-31 13:46:00,1.65,,Приток с улицы (Бокс 2) / pre
9,2026-03-31 14:18:34,2026-03-31 14:32:25,13.85,,Приток с улицы (Бокс 2) / pre
9,2026-03-31 15:21:15,2026-03-31 15:21:28,0.21666666666666667,,Приток с улицы (Бокс 2) / pre
9,2026-03-31 16:01:54,2026-03-31 16:42:56,41.03333333333333,,Приток с улицы (Бокс 2) / pre
9,2026-03-31 17:31:09,2026-03-31 17:31:15,0.1,,Приток с улицы (Бокс 2) / pre
9,2026-03-31 17:31:55,2026-04-01 16:33:07,1381.2,,Приток с улицы (Бокс 2) / pre
9,2026-04-01 16:35:34,2026-04-01 16:54:43,19.15,,Приток с улицы (Бокс 2) / pre
9,2026-04-02 12:59:07,2026-04-09 10:43:12,9944.083333333334,,Приток с улицы (Бокс 2) / pre
9,2026-04-09 11:01:35,2026-04-15 10:25:23,8603.8,,Приток с улицы (Бокс 2) / pre
9,2026-04-15 10:26:53,2026-04-23 16:30:55,11884.033333333333,,Приток с улицы (Бокс 2) / pre
9,2026-04-23 17:28:41,2026-04-27 09:10:33,5261.866666666667,,Приток с улицы (Бокс 2) / pre
9,2026-04-27 14:57:54,2026-04-27 17:13:36,135.7,,Приток с улицы (Бокс 2) / pre
9,2026-05-13 14:39:54,2026-05-13 15:30:00,50.1,,Приток с улицы (Бокс 2) / pre
9,2026-05-20 11:07:23,2026-05-20 19:09:29,482.1,,Приток с улицы (Бокс 2) / pre
9,2026-05-22 12:10:21,2026-05-22 18:39:18,388.95,,Приток с улицы (Бокс 2) / pre
10,2026-03-28 16:54:32,2026-03-28 16:56:11,1.65,,Приток с улицы (Бокс 1) / main; Рециркуляция (Бокс 1) / main; Обогрев (Бокс 1) / main
10,2026-03-31 16:42:29,2026-03-31 16:42:44,0.25,,Приток с улицы (Бокс 1) / main; Рециркуляция (Бокс 1) / main; Обогрев (Бокс 1) / main
11,2026-03-28 17:10:35,2026-03-28 17:25:22,14.783333333333333,,Приток с улицы (Бокс 2) / pre
11,2026-03-31 11:42:09,2026-03-31 12:14:29,32.333333333333336,,Приток с улицы (Бокс 2) / pre
11,2026-03-31 13:21:49,2026-03-31 14:32:25,70.6,,Приток с улицы (Бокс 2) / pre
11,2026-03-31 15:21:15,2026-03-31 15:21:28,0.21666666666666667,,Приток с улицы (Бокс 2) / pre
11,2026-03-31 16:01:54,2026-03-31 16:42:56,41.03333333333333,,Приток с улицы (Бокс 2) / pre
11,2026-03-31 17:31:09,2026-03-31 17:31:15,0.1,,Приток с улицы (Бокс 2) / pre
11,2026-03-31 17:31:55,2026-04-01 16:33:07,1381.2,,Приток с улицы (Бокс 2) / pre
11,2026-04-01 16:35:34,2026-04-02 12:57:57,1222.3833333333334,,Приток с улицы (Бокс 2) / pre
11,2026-04-02 12:59:06,2026-04-09 10:43:12,9944.1,,Приток с улицы (Бокс 2) / pre
11,2026-04-09 11:01:35,2026-04-15 10:25:22,8603.783333333333,,Приток с улицы (Бокс 2) / pre
11,2026-04-15 10:26:53,2026-04-23 16:30:54,11884.016666666666,,Приток с улицы (Бокс 2) / pre
11,2026-04-23 17:28:41,2026-04-27 09:10:33,5261.866666666667,,Приток с улицы (Бокс 2) / pre
11,2026-04-27 14:57:54,2026-04-27 17:13:36,135.7,,Приток с улицы (Бокс 2) / pre
11,2026-05-13 14:39:54,2026-05-13 15:30:00,50.1,,Приток с улицы (Бокс 2) / pre
11,2026-05-20 11:07:23,2026-05-20 19:09:29,482.1,,Приток с улицы (Бокс 2) / pre
11,2026-05-22 12:10:21,2026-05-22 18:39:18,388.95,,Приток с улицы (Бокс 2) / pre
12,2026-03-28 16:22:35,2026-03-28 16:22:35,0.0,,Приток с улицы (Бокс 1) / pre
12,2026-03-28 16:54:22,2026-03-28 16:56:21,1.9833333333333334,,Приток с улицы (Бокс 1) / pre
14,2026-03-28 16:22:35,2026-03-28 16:24:16,1.6833333333333333,,Приток с улицы (Бокс 1) / pre; Рециркуляция (Бокс 1) / pre; Обогрев (Бокс 1) / pre
14,2026-03-28 16:54:22,2026-03-28 16:56:21,1.9833333333333334,,Приток с улицы (Бокс 1) / pre; Рециркуляция (Бокс 1) / pre; Обогрев (Бокс 1) / pre
14,2026-03-31 14:19:24,2026-03-31 14:19:34,0.16666666666666666,,Приток с улицы (Бокс 1) / pre; Рециркуляция (Бокс 1) / pre; Обогрев (Бокс 1) / pre
14,2026-03-31 16:42:19,2026-03-31 16:42:56,0.6166666666666667,,Приток с улицы (Бокс 1) / pre; Рециркуляция (Бокс 1) / pre; Обогрев (Бокс 1) / pre
15,2026-03-31 16:42:29,2026-03-31 16:42:56,0.45,,Обогрев (Бокс 1) / main
