date,device,metric,n,mean,min,max,median
2026-03-28,co2-1,co2,71,482.3521126760563,402.0,1846.0,417.0
2026-03-28,co2-1,humidity,71,29.652112676056337,27.0,68.2,27.8
2026-03-28,co2-1,temperature,71,28.556338028169016,27.9,29.8,28.2
2026-03-28,th-1,humidity,72,18.25,17.0,24.0,17.0
2026-03-28,th-1,temperature,72,31.19861111111111,29.7,32.4,31.5
2026-03-28,th-2,humidity,71,17.492957746478872,16.0,22.0,17.0
2026-03-28,th-2,temperature,71,32.23661971830986,30.2,33.4,32.6
2026-03-31,co2-1,co2,739,508.4614343707713,360.0,722.0,465.0
2026-03-31,co2-1,humidity,739,37.766711772665765,32.2,55.2,36.8
2026-03-31,co2-1,temperature,739,27.906224627875506,26.9,32.1,27.3
2026-03-31,th-1,humidity,748,31.084224598930483,24.0,46.0,31.0
2026-03-31,th-1,temperature,748,28.565508021390375,26.5,34.1,27.2
2026-03-31,th-2,humidity,749,31.548731642189587,22.0,49.0,32.0
2026-03-31,th-2,temperature,749,28.996662216288385,26.7,34.6,27.5
2026-04-01,co2-1,co2,1439,394.7018763029882,303.0,603.0,381.0
2026-04-01,co2-1,humidity,1439,36.7496872828353,33.7,39.1,36.8
2026-04-01,co2-1,temperature,1439,26.354690757470465,24.8,27.9,26.6
2026-04-01,th-1,humidity,1439,30.416956219596944,28.0,32.0,31.0
2026-04-01,th-1,temperature,1439,26.07630298818624,24.4,28.7,26.2
2026-04-01,th-2,humidity,1439,31.029186935371786,29.0,33.0,32.0
2026-04-01,th-2,temperature,1439,26.36150104239055,24.7,29.3,26.4
2026-04-02,co2-1,co2,489,325.5725971370143,306.0,360.0,326.0
2026-04-02,co2-1,humidity,490,35.3169387755102,34.0,36.6,35.4
2026-04-02,co2-1,temperature,490,23.975714285714286,22.1,26.3,23.3
2026-04-02,th-1,humidity,1439,29.08061153578874,26.0,33.0,29.0
2026-04-02,th-1,temperature,1439,24.92835302293259,21.7,26.9,25.8
2026-04-02,th-2,humidity,1439,29.76094510076442,26.0,34.0,30.0
2026-04-02,th-2,temperature,1439,25.213829047949964,22.0,27.4,26.0
2026-04-03,co2-1,co2,32,321.0,309.0,337.0,320.5
2026-04-03,co2-1,humidity,33,31.63030303030303,30.1,34.0,30.7
2026-04-03,co2-1,temperature,33,26.542424242424243,25.6,27.6,26.2
2026-04-03,th-1,humidity,1440,30.98611111111111,24.0,34.0,33.0
2026-04-03,th-1,temperature,1440,25.405555555555555,22.0,27.1,26.3
2026-04-03,th-2,humidity,1440,31.514583333333334,24.0,35.0,34.0
2026-04-03,th-2,temperature,1440,25.769930555555554,22.3,27.5,26.7
2026-04-04,th-1,humidity,1439,33.34676858929812,30.0,37.0,34.0
2026-04-04,th-1,temperature,1439,25.72842251563586,22.8,27.1,26.4
2026-04-04,th-2,humidity,1439,34.27380125086866,30.0,38.0,35.0
2026-04-04,th-2,temperature,1439,26.223071577484365,23.3,27.5,26.9
2026-04-05,th-1,humidity,1439,33.3002084781098,28.0,37.0,34.0
2026-04-05,th-1,temperature,1439,25.433009034051423,22.9,27.0,25.8
2026-04-05,th-2,humidity,1439,33.73314801945796,29.0,38.0,34.0
2026-04-05,th-2,temperature,1439,25.953648366921474,23.3,27.5,26.4
2026-04-06,co2-1,co2,280,362.69642857142856,313.0,544.0,362.5
2026-04-06,co2-1,humidity,280,38.370357142857145,37.4,46.5,37.8
2026-04-06,co2-1,temperature,280,25.34464285714286,24.9,26.4,25.2
2026-04-06,th-1,humidity,1439,33.60597637248089,31.0,37.0,34.0
2026-04-06,th-1,temperature,1439,25.106254343293955,22.3,27.6,25.4
2026-04-06,th-2,humidity,1439,33.779708130646284,32.0,38.0,34.0
2026-04-06,th-2,temperature,1439,25.579499652536484,22.7,28.1,25.9
2026-04-07,co2-1,co2,1262,340.0499207606973,303.0,392.0,341.0
2026-04-07,co2-1,humidity,1262,38.543343898573696,35.3,43.0,37.7
2026-04-07,co2-1,temperature,1262,23.57242472266244,21.4,25.2,23.7
2026-04-07,th-1,humidity,1439,32.168867268936765,28.0,35.0,33.0
2026-04-07,th-1,temperature,1439,24.174774148714384,21.9,25.4,24.6
2026-04-07,th-2,humidity,1439,32.38498957609451,29.0,36.0,33.0
2026-04-07,th-2,temperature,1439,24.29909659485754,21.6,26.0,24.7
2026-04-08,co2-1,co2,1338,338.6562032884903,305.0,688.0,336.0
2026-04-08,co2-1,humidity,1338,33.76532137518684,28.6,44.3,33.9
2026-04-08,co2-1,temperature,1338,21.61965620328849,19.8,23.8,21.7
2026-04-08,th-1,humidity,1439,27.32661570535094,20.0,31.0,28.0
2026-04-08,th-1,temperature,1439,22.4043085476025,20.3,24.6,22.6
2026-04-08,th-2,humidity,1439,26.5045170257123,19.0,31.0,27.0
2026-04-08,th-2,temperature,1439,22.549895760945102,20.0,24.8,22.8
2026-04-09,co2-1,co2,616,328.05357142857144,301.0,349.0,328.0
2026-04-09,co2-1,humidity,619,32.10193861066236,28.7,54.8,30.7
2026-04-09,co2-1,temperature,619,20.146365105008076,18.7,21.8,19.9
2026-04-09,th-1,humidity,1439,27.77901320361362,20.0,38.0,28.0
2026-04-09,th-1,temperature,1439,22.042738012508686,18.9,26.4,22.6
2026-04-09,th-2,humidity,1439,26.007644197359276,20.0,38.0,24.0
2026-04-09,th-2,temperature,1439,23.63884642112578,19.1,29.4,23.0
2026-04-10,th-1,humidity,1439,23.77901320361362,20.0,28.0,23.0
2026-04-10,th-1,temperature,1439,21.956150104239054,19.2,23.6,22.5
2026-04-10,th-2,humidity,1439,19.35302293259208,18.0,24.0,19.0
2026-04-10,th-2,temperature,1439,26.732244614315498,23.8,28.5,27.3
2026-04-11,th-1,humidity,1439,23.44266851980542,19.0,26.0,24.0
2026-04-11,th-1,temperature,1439,22.437039610840863,19.8,23.9,22.9
2026-04-11,th-2,humidity,1439,19.19944405837387,18.0,22.0,19.0
2026-04-11,th-2,temperature,1439,27.11737317581654,24.3,28.7,27.8
2026-04-12,th-1,humidity,1439,28.059068797776234,24.0,31.0,29.0
2026-04-12,th-1,temperature,1439,23.132870048644893,20.5,24.5,23.6
2026-04-12,th-2,humidity,1439,23.236970118137595,19.0,27.0,24.0
2026-04-12,th-2,temperature,1439,27.709103544127867,24.9,29.2,28.3
2026-04-13,th-1,humidity,1439,32.00555941626129,27.0,34.0,33.0
2026-04-13,th-1,temperature,1439,23.66580958999305,21.1,25.1,24.3
2026-04-13,th-2,humidity,1439,27.560111188325227,23.0,31.0,29.0
2026-04-13,th-2,temperature,1439,28.098123697011815,25.5,29.6,28.6
2026-04-14,th-1,humidity,1439,32.14315496872828,30.0,34.0,32.0
2026-04-14,th-1,temperature,1439,23.710979847116054,21.2,25.0,24.4
2026-04-14,th-2,humidity,1439,27.55316191799861,24.0,31.0,28.0
2026-04-14,th-2,temperature,1439,28.112995135510772,25.4,29.5,28.5
2026-04-15,co2-1,co2,653,401.6477794793262,339.0,838.0,404.0
2026-04-15,co2-1,humidity,654,41.47048929663609,38.6,57.0,41.6
2026-04-15,co2-1,temperature,654,24.95336391437309,24.7,26.5,24.9
2026-04-15,th-1,humidity,1439,30.74913134120917,24.0,35.0,32.0
2026-04-15,th-1,temperature,1439,23.707644197359276,21.2,25.1,24.4
2026-04-15,th-2,humidity,1439,26.193189715079917,22.0,31.0,27.0
2026-04-15,th-2,temperature,1439,28.199513551077136,25.5,29.6,28.9
2026-04-16,co2-1,co2,1440,371.6326388888889,330.0,557.0,359.0
2026-04-16,co2-1,humidity,1440,43.29680555555556,40.1,47.4,43.5
2026-04-16,co2-1,temperature,1440,24.784791666666667,21.1,27.8,25.1
2026-04-16,th-1,humidity,1440,33.94444444444444,32.0,36.0,34.0
2026-04-16,th-1,temperature,1440,24.205416666666668,21.4,26.2,24.7
2026-04-16,th-2,humidity,1440,29.68611111111111,26.0,33.0,30.0
2026-04-16,th-2,temperature,1440,28.5825,25.6,30.1,29.4
2026-04-17,co2-1,co2,1439,350.78596247394023,303.0,594.0,338.0
2026-04-17,co2-1,humidity,1439,39.895343988881166,34.6,48.7,39.9
2026-04-17,co2-1,temperature,1439,24.952953439888812,21.4,27.1,25.8
2026-04-17,th-1,humidity,1439,30.568450312717165,27.0,36.0,30.0
2026-04-17,th-1,temperature,1439,24.68450312717165,21.6,27.3,25.0
2026-04-17,th-2,humidity,1439,26.276580958999304,21.0,33.0,27.0
2026-04-17,th-2,temperature,1439,28.840236275191106,25.8,31.0,29.5
2026-04-18,co2-1,co2,1439,338.95760945100767,307.0,502.0,336.0
2026-04-18,co2-1,humidity,1439,33.684364141765116,28.2,41.2,35.3
2026-04-18,co2-1,temperature,1439,24.62911744266852,20.9,26.7,25.6
2026-04-18,th-1,humidity,1439,25.638637943015983,20.0,31.0,27.0
2026-04-18,th-1,temperature,1439,24.098749131341208,20.8,27.1,24.7
2026-04-18,th-2,humidity,1439,20.050034746351635,15.0,28.0,22.0
2026-04-18,th-2,temperature,1439,28.593398193189714,25.1,31.3,29.6
2026-04-19,co2-1,co2,1439,335.6928422515636,313.0,357.0,336.0
2026-04-19,co2-1,humidity,1439,27.236692147324533,23.2,33.1,27.2
2026-04-19,co2-1,temperature,1439,24.46094510076442,20.2,26.5,25.6
2026-04-19,th-1,humidity,1439,19.218902015288396,17.0,23.0,19.0
2026-04-19,th-1,temperature,1439,24.045795691452398,20.0,26.1,25.1
2026-04-19,th-2,humidity,1439,13.748436414176512,8.0,18.0,15.0
2026-04-19,th-2,temperature,1439,28.94308547602502,25.2,30.8,29.9
2026-04-20,co2-1,co2,1439,356.3551077136901,322.0,578.0,346.0
2026-04-20,co2-1,humidity,1439,26.538776928422514,19.5,33.0,27.6
2026-04-20,co2-1,temperature,1439,23.288533703961082,19.9,27.0,23.2
2026-04-20,th-1,humidity,1439,17.92008339124392,11.0,20.0,18.0
2026-04-20,th-1,temperature,1439,23.112578179291173,19.7,26.9,23.2
2026-04-20,th-2,humidity,1403,19.247327156094084,1.0,100.0,14.0
2026-04-20,th-2,temperature,1439,27.652883947185547,24.9,31.6,26.7
2026-04-21,co2-1,co2,1439,355.6059763724809,327.0,387.0,355.0
2026-04-21,co2-1,humidity,1439,31.12981236970118,26.8,37.6,31.0
2026-04-21,co2-1,temperature,1439,21.476094510076443,18.8,23.6,21.9
2026-04-21,th-1,humidity,1439,20.077831827658095,18.0,25.0,19.0
2026-04-21,th-1,temperature,1439,21.513481584433634,19.1,23.6,22.0
2026-04-21,th-2,humidity,1439,18.701181375955525,17.0,20.0,19.0
2026-04-21,th-2,temperature,1439,25.546351633078526,23.2,27.5,25.8
2026-04-22,co2-1,co2,1439,356.4530924252953,316.0,544.0,348.0
2026-04-22,co2-1,humidity,1439,33.77630298818624,29.3,39.4,34.2
2026-04-22,co2-1,temperature,1439,22.07505211952745,20.0,23.6,22.2
2026-04-22,th-1,humidity,1439,21.885337039610842,19.0,28.0,22.0
2026-04-22,th-1,temperature,1439,22.146907574704656,20.3,23.6,22.3
2026-04-22,th-2,humidity,1438,20.518776077885953,19.0,26.0,19.0
2026-04-22,th-2,temperature,1438,26.04221140472879,24.2,27.5,26.3
2026-04-23,co2-1,co2,1434,332.9456066945607,300.0,503.0,330.0
2026-04-23,co2-1,humidity,1439,31.667407922168174,28.3,45.2,31.0
2026-04-23,co2-1,temperature,1439,20.294579569145238,17.6,25.0,20.7
2026-04-23,th-1,humidity,1439,20.525364836692148,19.0,32.0,20.0
2026-04-23,th-1,temperature,1439,20.320013898540655,17.9,25.4,20.6
2026-04-23,th-2,humidity,1439,19.14176511466296,17.0,38.0,19.0
2026-04-23,th-2,temperature,1439,24.21209173036831,21.9,27.5,24.7
2026-04-24,co2-1,co2,1439,333.3474635163308,310.0,399.0,331.0
2026-04-24,co2-1,humidity,1439,33.466226546212646,29.4,37.4,32.9
2026-04-24,co2-1,temperature,1439,21.172619874913135,19.1,22.4,21.7
2026-04-24,th-1,humidity,1439,21.806810284920083,19.0,25.0,21.0
2026-04-24,th-1,temperature,1439,21.168797776233497,19.3,22.4,21.6
2026-04-24,th-2,humidity,1439,20.152189020152885,18.0,25.0,19.0
2026-04-24,th-2,temperature,1439,24.87178596247394,22.9,26.2,25.3
2026-04-25,co2-1,co2,1439,332.3092425295344,310.0,421.0,332.0
2026-04-25,co2-1,humidity,1439,36.962890896455875,31.8,42.8,35.0
2026-04-25,co2-1,temperature,1439,21.41897150799166,19.4,22.4,22.0
2026-04-25,th-1,humidity,1439,25.360667129951356,20.0,31.0,23.0
2026-04-25,th-1,temperature,1439,21.43148019457957,19.6,22.4,22.0
2026-04-25,th-2,humidity,1439,23.781792911744265,19.0,31.0,21.0
2026-04-25,th-2,temperature,1439,25.191382904794995,23.2,26.1,25.7
2026-04-26,co2-1,co2,1439,321.1007644197359,305.0,343.0,321.0
2026-04-26,co2-1,humidity,1439,39.36546212647672,36.2,43.2,38.6
2026-04-26,co2-1,temperature,1439,20.827241139680332,19.2,22.3,21.0
2026-04-26,th-1,humidity,1439,28.696316886726894,26.0,31.0,28.0
2026-04-26,th-1,temperature,1439,20.8363446838082,19.5,22.3,20.9
2026-04-26,th-2,humidity,1439,26.10632383599722,22.0,30.0,26.0
2026-04-26,th-2,temperature,1439,24.53870743571925,23.1,26.1,24.6
2026-04-27,co2-1,co2,755,330.7139072847682,312.0,360.0,328.0
2026-04-27,co2-1,humidity,755,40.718145695364235,35.8,57.5,38.4
2026-04-27,co2-1,temperature,755,20.522384105960263,18.2,25.3,20.7
2026-04-27,th-1,humidity,1439,28.701181375955525,19.0,53.0,26.0
2026-04-27,th-1,temperature,1439,22.531063238359973,18.5,26.3,23.1
2026-04-27,th-2,humidity,1439,28.590687977762336,19.0,61.0,22.0
2026-04-27,th-2,temperature,1439,25.30215427380125,22.1,28.4,25.8
2026-04-28,th-1,humidity,1439,19.85753995830438,19.0,23.0,20.0
2026-04-28,th-1,temperature,1439,24.627797081306465,23.3,24.9,24.6
2026-04-28,th-2,humidity,1439,21.04864489228631,19.0,32.0,21.0
2026-04-28,th-2,temperature,1439,26.27755385684503,25.0,26.6,26.3
2026-04-29,co2-1,co2,218,805.6926605504588,599.0,1178.0,780.5
2026-04-29,co2-1,humidity,218,40.50550458715596,35.4,51.9,39.0
2026-04-29,co2-1,temperature,218,23.980733944954128,23.5,24.2,24.0
2026-04-29,th-1,humidity,1440,27.986805555555556,19.0,39.0,29.0
2026-04-29,th-1,temperature,1440,23.906666666666666,21.8,24.9,24.4
2026-04-29,th-2,humidity,1440,28.65972222222222,19.0,43.0,27.0
2026-04-29,th-2,temperature,1440,25.997222222222224,25.0,27.1,26.1
2026-04-30,th-1,humidity,1439,31.740097289784572,24.0,34.0,32.0
2026-04-30,th-1,temperature,1439,24.458165392633774,24.0,25.0,24.5
2026-04-30,th-2,humidity,1439,36.31271716469771,29.0,44.0,35.0
2026-04-30,th-2,temperature,1439,26.57922168172342,25.8,26.9,26.7
2026-05-01,co2-1,co2,849,317.40989399293284,300.0,363.0,316.0
2026-05-01,co2-1,humidity,849,46.6188457008245,45.5,58.9,46.5
2026-05-01,co2-1,temperature,849,24.360895170789163,21.3,24.8,24.4
2026-05-01,th-1,humidity,1439,39.542043085476024,34.0,52.0,39.0
2026-05-01,th-1,temperature,1439,24.149270326615706,21.8,25.3,24.6
2026-05-01,th-2,humidity,1439,43.02779708130646,38.0,49.0,43.0
2026-05-01,th-2,temperature,1439,26.42967338429465,25.2,27.4,26.7
2026-05-02,co2-1,co2,1079,311.064874884152,300.0,326.0,311.0
2026-05-02,co2-1,humidity,1083,46.8646352723915,44.3,57.4,46.3
2026-05-02,co2-1,temperature,1083,24.77506925207756,22.0,25.7,24.9
2026-05-02,th-1,humidity,1439,40.86726893676164,37.0,54.0,39.0
2026-05-02,th-1,temperature,1439,24.805211952744962,22.3,26.3,25.2
2026-05-02,th-2,humidity,1439,42.31688672689368,38.0,52.0,42.0
2026-05-02,th-2,temperature,1439,27.117998610145936,25.7,28.1,27.4
2026-05-03,co2-1,co2,340,313.4764705882353,305.0,322.0,313.0
2026-05-03,co2-1,humidity,340,48.58735294117647,44.1,58.0,45.2
2026-05-03,co2-1,temperature,340,24.264411764705883,22.5,25.4,25.3
2026-05-03,th-1,humidity,1439,40.16052814454482,36.0,54.0,38.0
2026-05-03,th-1,temperature,1439,25.52765809589993,23.0,26.7,26.2
2026-05-03,th-2,humidity,1439,41.92077831827658,38.0,55.0,41.0
2026-05-03,th-2,temperature,1439,27.817651146629604,26.3,28.8,28.1
2026-05-04,th-1,humidity,1439,40.04933981931897,36.0,50.0,38.0
2026-05-04,th-1,temperature,1439,25.987838776928424,23.5,27.1,26.7
2026-05-04,th-2,humidity,1439,40.80611535788742,37.0,49.0,40.0
2026-05-04,th-2,temperature,1439,28.171577484364143,27.0,28.9,28.3
2026-05-05,co2-1,co2,373,338.2815013404826,324.0,379.0,335.0
2026-05-05,co2-1,humidity,373,49.29195710455764,42.3,62.1,44.8
2026-05-05,co2-1,temperature,373,25.39597855227882,23.5,26.5,26.1
2026-05-05,th-1,humidity,1439,37.693537178596245,31.0,51.0,37.0
2026-05-05,th-1,temperature,1439,26.4135510771369,24.0,27.6,27.0
2026-05-05,th-2,humidity,1439,39.253648366921475,34.0,47.0,38.0
2026-05-05,th-2,temperature,1439,28.42098679638638,27.4,28.9,28.7
2026-05-06,co2-1,co2,370,435.66486486486485,331.0,501.0,440.5
2026-05-06,co2-1,humidity,370,31.058108108108108,29.4,54.6,30.9
2026-05-06,co2-1,temperature,370,26.616756756756757,24.1,26.8,26.6
2026-05-06,th-1,humidity,1439,28.85337039610841,20.0,44.0,28.0
2026-05-06,th-1,temperature,1439,26.799722029186935,24.3,27.8,27.4
2026-05-06,th-2,humidity,1439,32.59694232105629,24.0,43.0,32.0
2026-05-06,th-2,temperature,1439,28.532800555941627,27.6,29.1,28.7
2026-05-07,co2-1,co2,1248,408.0793269230769,332.0,765.0,416.5
2026-05-07,co2-1,humidity,1248,32.869310897435895,28.6,44.7,30.3
2026-05-07,co2-1,temperature,1248,25.972435897435897,24.0,27.3,26.6
2026-05-07,th-1,humidity,1439,22.527449617790133,19.0,35.0,20.0
2026-05-07,th-1,temperature,1439,26.90764419735928,24.4,28.0,27.6
2026-05-07,th-2,humidity,1439,25.0090340514246,20.0,33.0,25.0
2026-05-07,th-2,temperature,1439,28.756150104239055,27.7,29.4,29.0
2026-05-08,co2-1,co2,1105,369.04886877828056,340.0,484.0,362.0
2026-05-08,co2-1,humidity,1105,34.369049773755656,29.2,49.9,31.3
2026-05-08,co2-1,temperature,1105,26.00977375565611,24.0,27.2,26.7
2026-05-08,th-1,humidity,1439,23.537178596247394,19.0,38.0,21.0
2026-05-08,th-1,temperature,1439,26.917303683113275,24.5,28.1,27.6
2026-05-08,th-2,humidity,1439,27.97845726198749,22.0,36.0,28.0
2026-05-08,th-2,temperature,1439,28.78068102849201,27.8,29.4,29.0
2026-05-09,co2-1,co2,1183,338.832628909552,317.0,369.0,341.0
2026-05-09,co2-1,humidity,1183,32.26517328825021,27.5,51.3,29.9
2026-05-09,co2-1,temperature,1183,26.441420118343196,24.2,27.3,27.0
2026-05-09,th-1,humidity,1439,23.02223766504517,18.0,41.0,19.0
2026-05-09,th-1,temperature,1439,27.047324530924254,24.6,28.1,27.7
2026-05-09,th-2,humidity,1439,27.09312022237665,18.0,43.0,27.0
2026-05-09,th-2,temperature,1439,28.929881862404446,27.9,29.5,29.1
2026-05-10,co2-1,co2,1364,327.5014662756598,310.0,348.0,328.0
2026-05-10,co2-1,humidity,1364,30.86048387096774,27.5,44.8,28.7
2026-05-10,co2-1,temperature,1364,26.61041055718475,24.4,27.4,27.2
2026-05-10,th-1,humidity,1439,20.70813064628214,18.0,34.0,18.0
2026-05-10,th-1,temperature,1439,27.351424600416955,24.7,28.4,28.0
2026-05-10,th-2,humidity,1439,22.81723419041001,18.0,34.0,22.0
2026-05-10,th-2,temperature,1439,29.257192494788047,28.1,29.8,29.5
2026-05-11,co2-1,co2,1366,325.50146412884334,306.0,343.0,326.0
2026-05-11,co2-1,humidity,1366,33.96669106881406,28.4,43.7,33.8
2026-05-11,co2-1,temperature,1366,26.78228404099561,24.5,27.6,27.3
2026-05-11,th-1,humidity,1439,22.993050729673385,18.0,33.0,22.0
2026-05-11,th-1,temperature,1439,27.481306462821404,24.9,28.5,28.1
2026-05-11,th-2,humidity,1439,23.68450312717165,18.0,34.0,23.0
2026-05-11,th-2,temperature,1439,29.496942321056288,28.4,30.1,29.7
2026-05-12,co2-1,co2,1377,352.15904139433553,314.0,432.0,338.0
2026-05-12,co2-1,humidity,1377,37.356354393609294,34.2,45.4,36.5
2026-05-12,co2-1,temperature,1377,27.12236746550472,24.8,28.1,27.7
2026-05-12,th-1,humidity,1440,26.09375,22.0,33.0,25.0
2026-05-12,th-1,temperature,1440,27.8075,25.2,28.8,28.4
2026-05-12,th-2,humidity,1440,26.449305555555554,22.0,35.0,25.0
2026-05-12,th-2,temperature,1440,29.97597222222222,28.6,30.9,30.2
2026-05-13,co2-1,co2,1276,372.95219435736675,315.0,690.0,351.5
2026-05-13,co2-1,humidity,1276,39.834247648902824,36.5,47.2,38.6
2026-05-13,co2-1,temperature,1276,27.56551724137931,25.3,30.7,27.8
2026-05-13,th-1,humidity,1439,29.22029186935372,25.0,35.0,29.0
2026-05-13,th-1,temperature,1439,28.150868658790827,25.7,31.5,28.6
2026-05-13,th-2,humidity,1439,28.586518415566367,24.0,36.0,28.0
2026-05-13,th-2,temperature,1439,30.738568450312716,29.1,33.1,30.8
2026-05-14,co2-1,co2,1164,411.60738831615123,316.0,576.0,345.5
2026-05-14,co2-1,humidity,1164,39.351116838487975,36.4,44.4,38.4
2026-05-14,co2-1,temperature,1164,27.76864261168385,25.4,28.8,28.4
2026-05-14,th-1,humidity,1439,28.505906879777623,25.0,32.0,28.0
2026-05-14,th-1,temperature,1439,28.533703961084086,26.5,29.5,29.1
2026-05-14,th-2,humidity,1439,27.15427380125087,24.0,31.0,27.0
2026-05-14,th-2,temperature,1439,31.05302293259208,29.6,31.8,31.5
2026-05-15,co2-1,co2,1271,393.9732494099135,327.0,469.0,386.0
2026-05-15,co2-1,humidity,1271,36.7051140833989,34.5,39.3,36.5
2026-05-15,co2-1,temperature,1271,27.467112509834777,25.3,28.4,28.0
2026-05-15,th-1,humidity,1439,24.878387769284224,23.0,27.0,25.0
2026-05-15,th-1,temperature,1439,28.3636553161918,26.5,29.3,28.9
2026-05-15,th-2,humidity,1439,23.253648366921475,22.0,25.0,23.0
2026-05-15,th-2,temperature,1439,30.758790826963168,29.5,31.5,31.1
2026-05-16,co2-1,co2,1201,321.5212323064113,300.0,376.0,318.0
2026-05-16,co2-1,humidity,1336,38.88727544910179,36.5,43.0,38.1
2026-05-16,co2-1,temperature,1336,27.148952095808383,24.9,28.1,27.7
2026-05-16,th-1,humidity,1439,26.81792911744267,25.0,30.0,26.0
2026-05-16,th-1,temperature,1439,28.059277275886032,26.1,28.9,28.6
2026-05-16,th-2,humidity,1439,25.44822793606671,23.0,28.0,25.0
2026-05-16,th-2,temperature,1439,30.441139680333563,29.1,31.1,30.7
2026-05-17,co2-1,co2,835,314.80838323353294,300.0,332.0,317.0
2026-05-17,co2-1,humidity,1287,40.79005439005439,38.3,44.3,40.5
2026-05-17,co2-1,temperature,1287,27.058275058275058,24.7,28.1,27.7
2026-05-17,th-1,humidity,1439,28.808895066018067,26.0,31.0,29.0
2026-05-17,th-1,temperature,1439,27.922724113968034,25.9,28.8,28.5
2026-05-17,th-2,humidity,1439,27.49131341209173,25.0,29.0,28.0
2026-05-17,th-2,temperature,1439,30.358721334259904,28.9,31.1,30.8
2026-05-18,co2-1,co2,1338,388.3101644245142,308.0,610.0,390.5
2026-05-18,co2-1,humidity,1338,41.08408071748879,36.3,48.0,40.8
2026-05-18,co2-1,temperature,1338,27.126532137518684,24.8,28.2,27.7
2026-05-18,th-1,humidity,1439,29.329395413481585,25.0,33.0,29.0
2026-05-18,th-1,temperature,1439,28.001876302988187,25.9,29.0,28.6
2026-05-18,th-2,humidity,1439,28.059763724808896,23.0,33.0,28.0
2026-05-18,th-2,temperature,1439,30.355038220986795,29.0,31.4,30.7
2026-05-19,co2-1,co2,1374,341.63100436681225,305.0,375.0,339.0
2026-05-19,co2-1,humidity,1374,40.30589519650655,35.7,49.6,39.6
2026-05-19,co2-1,temperature,1374,27.281149927219797,24.2,29.3,28.0
2026-05-19,th-1,humidity,1439,28.453092425295345,23.0,35.0,28.0
2026-05-19,th-1,temperature,1439,28.09819318971508,25.0,29.9,28.6
2026-05-19,th-2,humidity,1439,27.462821403752606,22.0,34.0,27.0
2026-05-19,th-2,temperature,1439,30.33905489923558,28.1,32.3,30.6
2026-05-20,co2-1,co2,1213,392.0684253915911,324.0,649.0,375.0
2026-05-20,co2-1,humidity,1213,44.557955482275354,41.5,49.4,44.1
2026-05-20,co2-1,temperature,1213,27.116405605935697,25.0,29.8,27.5
2026-05-20,th-1,humidity,1439,33.059068797776234,30.0,36.0,33.0
2026-05-20,th-1,temperature,1439,27.834468380820013,25.6,29.8,27.7
2026-05-20,th-2,humidity,1439,29.975677553856844,27.0,33.0,30.0
2026-05-20,th-2,temperature,1439,31.527519110493397,28.7,34.9,32.3
2026-05-21,co2-1,co2,1316,389.98632218844983,319.0,539.0,360.0
2026-05-21,co2-1,humidity,1316,44.00547112462006,41.8,45.3,44.5
2026-05-21,co2-1,temperature,1316,27.576975683890577,25.8,28.4,28.0
2026-05-21,th-1,humidity,1439,32.46143154968728,31.0,33.0,33.0
2026-05-21,th-1,temperature,1439,28.545865184155662,26.8,29.3,28.9
2026-05-21,th-2,humidity,1439,29.559416261292565,28.0,31.0,30.0
2026-05-21,th-2,temperature,1439,31.889576094510076,29.8,32.9,32.4
2026-05-22,co2-1,co2,1160,362.3836206896552,318.0,415.0,365.0
2026-05-22,co2-1,humidity,1160,46.411637931034484,44.4,48.7,46.1
2026-05-22,co2-1,temperature,1160,26.978362068965517,26.0,28.3,27.2
2026-05-22,th-1,humidity,1439,34.44753300903405,33.0,37.0,35.0
2026-05-22,th-1,temperature,1439,27.67866574009729,26.3,29.2,27.7
2026-05-22,th-2,humidity,1439,31.010423905489922,30.0,33.0,31.0
2026-05-22,th-2,temperature,1439,31.172480889506602,29.9,32.7,31.2
2026-05-23,co2-1,co2,1266,333.54107424960506,300.0,435.0,319.0
2026-05-23,co2-1,humidity,1302,43.99846390168971,40.5,46.9,44.5
2026-05-23,co2-1,temperature,1302,26.67227342549923,25.6,27.2,26.9
2026-05-23,th-1,humidity,1439,32.94232105628909,30.0,35.0,33.0
2026-05-23,th-1,temperature,1439,27.583808200138986,26.5,28.1,27.8
2026-05-23,th-2,humidity,1439,30.1501042390549,27.0,32.0,31.0
2026-05-23,th-2,temperature,1439,30.255038220986798,29.6,30.8,30.3
2026-05-24,co2-1,co2,1292,311.80495356037153,300.0,327.0,312.0
2026-05-24,co2-1,humidity,1373,41.281573197378,38.8,43.6,41.5
2026-05-24,co2-1,temperature,1373,26.46285506190823,25.5,27.0,26.7
2026-05-24,th-1,humidity,1440,30.858333333333334,29.0,33.0,31.0
2026-05-24,th-1,temperature,1440,27.453194444444446,26.4,27.9,27.7
2026-05-24,th-2,humidity,1440,27.39236111111111,25.0,29.0,28.0
2026-05-24,th-2,temperature,1440,30.079722222222223,29.5,30.5,30.2
2026-05-25,co2-1,co2,1387,324.3547224224946,300.0,451.0,325.0
2026-05-25,co2-1,humidity,1421,35.88789584799437,30.7,40.5,36.2
2026-05-25,co2-1,temperature,1421,25.612878254750175,25.0,26.6,25.4
2026-05-25,th-1,humidity,1439,25.582348853370394,21.0,29.0,25.0
2026-05-25,th-1,temperature,1439,26.181792911744267,25.2,27.6,25.9
2026-05-25,th-2,humidity,1439,20.88186240444753,16.0,26.0,19.0
2026-05-25,th-2,temperature,1439,30.104794996525364,29.3,30.9,30.2
2026-05-26,co2-1,co2,1309,322.096256684492,300.0,365.0,321.0
2026-05-26,co2-1,humidity,1346,34.15794947994056,32.4,36.8,34.1
2026-05-26,co2-1,temperature,1346,24.286775631500742,23.2,25.1,24.4
2026-05-26,th-1,humidity,1346,22.978454680534917,21.0,25.0,23.0
2026-05-26,th-1,temperature,1346,24.63818722139673,23.7,25.4,24.7
2026-05-26,th-2,humidity,1346,17.951708766716195,17.0,19.0,18.0
2026-05-26,th-2,temperature,1346,29.54851411589896,28.5,30.3,29.7
