device,metric,hour,n,mean,median,p05,p95
co2-1,co2,0,2159,342.1764705882353,337.0,308.0,393.0
co2-1,co2,1,2164,338.6617375231054,336.0,307.0,386.0
co2-1,co2,2,2203,335.41761234679984,333.0,311.0,374.0
co2-1,co2,3,2213,335.2480795300497,334.0,312.0,368.0
co2-1,co2,4,2134,335.29896907216494,334.0,312.0,367.0
co2-1,co2,5,2075,334.98698795180724,334.0,309.0,367.0
co2-1,co2,6,2023,334.3717251606525,334.0,306.0,372.0
co2-1,co2,7,2014,333.9572989076465,331.0,308.0,364.0
co2-1,co2,8,1964,331.4775967413442,330.0,308.0,357.0
co2-1,co2,9,2035,330.84373464373465,329.0,309.0,358.29999999999995
co2-1,co2,10,2160,337.27129629629627,333.0,309.0,387.0
co2-1,co2,11,2164,349.68761552680223,336.0,305.15000000000003,438.0
co2-1,co2,12,2217,369.80920162381597,338.0,309.0,594.0
co2-1,co2,13,2241,381.3288710397144,345.0,309.0,646.0
co2-1,co2,14,2158,387.76876737720113,354.0,311.85,623.3000000000002
co2-1,co2,15,2141,398.2120504437179,358.0,311.0,582.0
co2-1,co2,16,2181,391.8968363136176,358.0,312.0,558.0
co2-1,co2,17,2181,380.8074277854195,362.0,313.0,490.0
co2-1,co2,18,2240,374.65758928571427,355.5,310.0,489.0499999999997
co2-1,co2,19,2252,368.79529307282417,350.0,308.0,471.0
co2-1,co2,20,2263,360.61953159522756,343.0,308.0,457.9000000000001
co2-1,co2,21,2243,354.11190370040123,341.0,308.0,426.0
co2-1,co2,22,2191,348.5600182565039,338.0,309.0,403.0
co2-1,co2,23,2157,345.29995363931386,338.0,310.0,392.0
co2-1,humidity,0,2224,36.500539568345324,36.4,28.115000000000002,45.0
co2-1,humidity,1,2228,36.364946140035904,36.2,28.1,44.86500000000001
co2-1,humidity,2,2252,36.22952930728241,36.0,27.9,44.7
co2-1,humidity,3,2270,37.29180616740088,37.0,29.1,45.8
co2-1,humidity,4,2187,39.2228166438043,39.0,30.4,47.7
co2-1,humidity,5,2120,39.61061320754717,39.5,30.8,46.6
co2-1,humidity,6,2070,39.786038647343,40.5,30.1,46.6
co2-1,humidity,7,2070,40.228743961352656,41.8,29.4,48.2
co2-1,humidity,8,2017,40.09737233515121,40.4,29.300000000000004,48.61999999999998
co2-1,humidity,9,2069,38.47752537457709,38.1,29.1,47.75999999999999
co2-1,humidity,10,2194,37.57274384685506,36.7,27.699999999999996,47.43499999999999
co2-1,humidity,11,2180,37.60775229357798,36.95,28.1,46.9
co2-1,humidity,12,2218,37.256717763751126,37.6,27.2,47.1
co2-1,humidity,13,2245,36.91563474387528,38.1,25.9,46.8
co2-1,humidity,14,2176,36.89209558823529,38.0,25.2,47.3
co2-1,humidity,15,2165,36.64415704387991,36.5,25.3,47.0
co2-1,humidity,16,2182,36.288955087076076,36.4,27.605,46.3
co2-1,humidity,17,2182,36.44660861594867,36.4,28.2,46.1
co2-1,humidity,18,2241,36.33034359660866,36.6,28.0,45.9
co2-1,humidity,19,2261,36.10212295444494,36.5,28.0,45.9
co2-1,humidity,20,2283,36.23245729303548,36.7,28.3,45.6
co2-1,humidity,21,2270,36.41581497797357,36.7,28.4,45.6
co2-1,humidity,22,2235,36.498568232662194,36.8,28.3,45.5
co2-1,humidity,23,2224,36.4396582733813,36.5,28.2,45.2
co2-1,temperature,0,2224,25.5380845323741,26.1,21.2,28.2
co2-1,temperature,1,2228,25.49210053859964,26.1,20.9,28.199999999999996
co2-1,temperature,2,2252,25.487877442273536,26.5,20.8,28.2
co2-1,temperature,3,2270,24.18361233480176,24.9,19.645,27.4
co2-1,temperature,4,2187,23.15546410608139,23.9,18.9,26.199999999999996
co2-1,temperature,5,2120,22.877028301886792,24.1,18.6,26.0
co2-1,temperature,6,2070,22.735458937198068,24.1,18.4,25.9
co2-1,temperature,7,2070,22.683091787439615,23.9,18.3,25.9
co2-1,temperature,8,2017,22.644620723847297,23.6,18.3,25.8
co2-1,temperature,9,2069,24.057902368293863,24.9,19.5,27.199999999999996
co2-1,temperature,10,2194,25.161030082041933,26.2,20.8,27.9
co2-1,temperature,11,2180,25.486834862385322,26.3,21.1,28.0
co2-1,temperature,12,2218,25.5787646528404,26.3,21.0,28.1
co2-1,temperature,13,2245,25.724276169265032,26.6,21.1,28.4
co2-1,temperature,14,2176,25.77049632352941,26.6,21.4,28.625000000000004
co2-1,temperature,15,2165,25.86147806004619,26.6,21.5,28.699999999999996
co2-1,temperature,16,2182,26.00967002749771,26.7,21.9,29.0
co2-1,temperature,17,2182,26.034280476626947,26.7,22.0,28.8
co2-1,temperature,18,2241,25.9334672021419,26.7,21.9,28.7
co2-1,temperature,19,2261,25.854577620521894,26.7,21.6,28.7
co2-1,temperature,20,2283,25.746079719667105,26.4,21.5,28.6
co2-1,temperature,21,2270,25.643039647577094,26.1,21.4,28.5
co2-1,temperature,22,2235,25.600671140939596,26.1,21.3,28.4
co2-1,temperature,23,2224,25.571312949640287,26.0,21.2,28.3
th-1,humidity,0,3358,27.634008338296606,29.0,19.0,37.0
th-1,humidity,1,3358,27.50506253722454,29.0,19.0,37.0
th-1,humidity,2,3358,27.312090530077427,28.0,19.0,37.0
th-1,humidity,3,3357,27.096514745308312,27.0,19.0,37.0
th-1,humidity,4,3359,28.387913069365883,28.0,21.0,42.0
th-1,humidity,5,3356,29.40792610250298,29.0,21.0,44.0
th-1,humidity,6,3360,29.97738095238095,30.0,20.0,47.0
th-1,humidity,7,3356,30.49553039332539,31.0,20.0,48.0
th-1,humidity,8,3360,30.814583333333335,31.0,20.0,50.0
th-1,humidity,9,3356,30.35399284862932,31.0,20.0,46.0
th-1,humidity,10,3360,29.123809523809523,29.0,19.0,40.0
th-1,humidity,11,3387,28.838500147623265,29.0,19.0,39.0
th-1,humidity,12,3418,28.735517846693973,29.0,19.0,39.0
th-1,humidity,13,3418,28.656231714452897,29.0,19.0,39.0
th-1,humidity,14,3418,28.815389116442365,29.0,19.0,39.0
th-1,humidity,15,3418,28.29783499122294,29.0,18.0,38.0
th-1,humidity,16,3463,27.994802194628935,29.0,18.0,38.0
th-1,humidity,17,3445,28.230478955007257,29.0,18.0,38.0
th-1,humidity,18,3417,28.06760316066725,28.0,18.0,38.0
th-1,humidity,19,3416,27.828161592505854,28.0,18.0,38.0
th-1,humidity,20,3419,27.721556010529394,29.0,18.0,37.0
th-1,humidity,21,3418,27.873025160912814,28.0,19.0,37.0
th-1,humidity,22,3384,27.891548463356973,28.0,19.0,37.0
th-1,humidity,23,3357,27.729520405123623,28.0,19.0,37.0
th-1,temperature,0,3358,25.749374627754616,25.8,21.1,29.1
th-1,temperature,1,3358,25.733502084574152,25.8,21.1,29.1
th-1,temperature,2,3358,25.71015485407981,25.9,21.0,29.1
th-1,temperature,3,3357,24.568036937742033,24.6,20.0,28.4
th-1,temperature,4,3359,23.541530217326585,23.8,19.4,27.0
th-1,temperature,5,3356,23.25196662693683,23.5,19.2,26.8
th-1,temperature,6,3360,23.08511904761905,23.2,19.2,26.8
th-1,temperature,7,3356,23.014570917759237,23.0,19.0,26.7
th-1,temperature,8,3360,23.007113095238097,23.0,19.0,26.6
th-1,temperature,9,3356,24.235250297973778,24.2,20.1,27.9
th-1,temperature,10,3360,25.30785714285714,25.1,21.3,28.7
th-1,temperature,11,3387,25.645438441098317,25.7,21.630000000000003,28.800000000000004
th-1,temperature,12,3418,25.7877998829725,26.0,21.985000000000003,29.0
th-1,temperature,13,3418,25.890257460503218,26.0,22.0,29.0
th-1,temperature,14,3418,25.96635459332943,26.1,22.1,29.0
th-1,temperature,15,3418,26.017846693973084,26.3,22.0,29.1
th-1,temperature,16,3463,26.083367022812592,26.3,22.1,29.4
th-1,temperature,17,3445,26.10043541364296,26.5,22.2,29.279999999999973
th-1,temperature,18,3417,26.00857477319286,26.3,22.199999999999996,29.3
th-1,temperature,19,3416,25.94894613583138,25.9,22.1,29.3
th-1,temperature,20,3419,25.849166422930683,25.7,21.9,29.2
th-1,temperature,21,3418,25.798390871854885,25.5,21.7,29.2
th-1,temperature,22,3384,25.778339243498817,25.5,21.5,29.2
th-1,temperature,23,3357,25.75820673220137,25.8,21.199999999999996,29.1
th-2,humidity,0,3358,26.529481834425255,26.0,18.0,39.0
th-2,humidity,1,3358,26.35288862418106,26.0,18.0,38.0
th-2,humidity,2,3358,26.147409172126267,26.0,17.0,38.0
th-2,humidity,3,3357,26.183795055108728,26.0,18.0,40.0
th-2,humidity,4,3359,26.53408752604942,26.0,18.0,39.0
th-2,humidity,5,3356,27.131108462455305,27.0,18.0,40.0
th-2,humidity,6,3360,27.486309523809524,28.0,18.0,41.0
th-2,humidity,7,3356,28.072705601907032,29.0,18.0,42.0
th-2,humidity,8,3360,28.478571428571428,29.0,18.0,45.0
th-2,humidity,9,3356,28.60011918951132,29.0,18.0,43.0
th-2,humidity,10,3360,28.170238095238094,28.0,18.0,40.0
th-2,humidity,11,3388,27.827331759149942,28.0,18.0,41.0
th-2,humidity,12,3411,27.935209615948402,28.0,17.0,42.0
th-2,humidity,13,3396,28.877208480565372,28.0,18.0,43.0
th-2,humidity,14,3412,29.542203985932005,28.0,18.0,46.0
th-2,humidity,15,3416,28.464578454332553,28.0,17.0,45.0
th-2,humidity,16,3463,27.975166041004908,27.0,17.0,44.0
th-2,humidity,17,3444,28.126596980255517,27.0,17.0,43.0
th-2,humidity,18,3417,27.87415861867135,27.0,17.0,43.0
th-2,humidity,19,3416,27.507903981264636,27.0,17.0,43.0
th-2,humidity,20,3419,27.176367358876863,26.0,17.0,42.0
th-2,humidity,21,3418,26.987419543592743,27.0,17.0,41.0
th-2,humidity,22,3384,26.88888888888889,27.0,18.0,40.0
th-2,humidity,23,3357,26.70181709859994,26.0,18.0,39.0
th-2,temperature,0,3358,28.381566408576532,28.8,24.8,31.6
th-2,temperature,1,3358,28.36223942823109,28.8,24.6,31.6
th-2,temperature,2,3358,28.33499106611078,28.8,24.5,31.5
th-2,temperature,3,3357,27.274352100089367,27.3,23.4,30.8
th-2,temperature,4,3359,26.482256623995237,26.3,22.8,29.9
th-2,temperature,5,3356,26.25163885578069,26.0,22.4,29.7
th-2,temperature,6,3360,26.11389880952381,25.9,22.2,29.7
th-2,temperature,7,3356,26.042789034564958,25.8,22.0,29.6
th-2,temperature,8,3360,26.01607142857143,25.7,21.8,29.6
th-2,temperature,9,3356,27.094994040524433,27.5,22.7,30.6
th-2,temperature,10,3360,27.82797619047619,27.9,24.0,31.0
th-2,temperature,11,3388,28.144775678866587,28.2,23.9,31.200000000000003
th-2,temperature,12,3418,28.315915740198946,28.5,23.8,31.4
th-2,temperature,13,3418,28.42375658279696,28.5,24.6,31.5
th-2,temperature,14,3418,28.49499707431246,28.5,24.7,31.7
th-2,temperature,15,3417,28.590693590869183,28.6,24.699999999999996,32.6
th-2,temperature,16,3463,28.632457406872653,28.7,24.7,32.3
th-2,temperature,17,3444,28.65821718931475,28.9,24.8,31.7
th-2,temperature,18,3417,28.605414105940884,28.8,24.9,31.7
th-2,temperature,19,3416,28.547160421545666,28.8,24.9,31.7
th-2,temperature,20,3419,28.471892366188943,28.8,24.8,31.6
th-2,temperature,21,3418,28.449473376243418,28.8,24.8,31.7
th-2,temperature,22,3384,28.41539598108747,28.8,24.815,31.6
th-2,temperature,23,3357,28.386446231754544,28.8,24.800000000000004,31.6
